id,title,text,topic,source
0_0,Argo (oceanography),"Argo is an international programme for researching the ocean. It uses profiling floats to observe temperature, salinity and currents. Recently it has observed bio-optical properties in the Earth's oceans",argo_float,Wikipedia
0_1,Argo (oceanography),It has been operating since the early 2000s. The real-time data it provides support climate and oceanographic research. A special research interest is to quantify the ocean heat content (OHC),argo_float,Wikipedia
0_2,Argo (oceanography),"The Argo fleet consists of almost 4000 drifting ""Argo floats"" (as profiling floats used by the Argo program are often called) deployed worldwide. Each float weighs 20–30 kg. In most cases probes drift at a depth of 1000 metres",argo_float,Wikipedia
0_3,Argo (oceanography),"Experts call this the parking depth. Every 10 days, by changing their buoyancy, they dive to a depth of 2000 metres and then move to the sea-surface. As they move they measure conductivity and temperature profiles as well as pressure",argo_float,Wikipedia
0_4,Argo (oceanography),"Scientists calculate salinity and density from these measurements. Seawater density is important in determining large-scale motions in the ocean.
Average current velocities at 1000 metres are directly measured by the distance and direction a float drifts while parked at that depth, which is determined by GPS or Argos system positions at the surface. The data is transmitted to shore via satellite, and is freely available to everyone, without restrictions.
The Argo program is named after the Greek mythical ship Argo to emphasize the complementary relationship of Argo with the Jason satellite altimeters",argo_float,Wikipedia
0_5,Argo (oceanography),"Both the standard Argo floats and the 4 satellites launched so far to monitor changing sea-level all operate on a 10-day duty cycle.


== International collaboration ==
The Argo program is a collaborative partnership of more than 30 nations from all continents (most shown on the graphic map in this article) that maintains a global array and provides a dataset anyone can use to explore the ocean environment. Argo is a component of the Global Ocean Observing System (GOOS), and is coordinated by the Argo Steering Team, an international body of scientists and technical experts that meets once per year.  The Argo data stream is managed by the Argo Data Management Team",argo_float,Wikipedia
0_6,Argo (oceanography),"Argo is also supported by the Group on Earth Observations, and has been endorsed since its beginnings by the World Climate Research Programme's CLIVAR Project (Variability and predictability of the ocean-atmosphere system), and by the Global Ocean Data Assimilation Experiment (GODAE OceanView).


== History ==

A program called Argo was first proposed at OceanObs 1999 which was a conference organised by international agencies with the aim of creating a coordinated approach to ocean observations.  The original Argo prospectus was created by a small group of scientists, chaired by Dean Roemmich, who described a program that would have a global array of about 3000 floats in place by sometime in 2007. The 3000-float array was achieved in November 2007 and was global",argo_float,Wikipedia
0_7,Argo (oceanography),"The Argo Steering Team met for the first time in 1999 in Maryland (USA) and outlined the principles of global data sharing.  
The Argo Steering Team made a 10-year report to OceanObs-2009  and received suggestions on how the array might be improved.  These suggestions included enhancing the array at high latitudes, in marginal seas (such as the Gulf of Mexico and the Mediterranean) and along the equator, improved observation of strong boundary currents (such as the Gulf Stream and Kuroshio), extension of observations into deep water and the addition of sensors for monitoring biological and chemical changes in the oceans",argo_float,Wikipedia
0_8,Argo (oceanography),"In November 2012 an Indian float in the Argo array gathered the one-millionth profile (twice the number collected by research vessels during all of the 20th century) an event that was reported in several press releases. As can be seen in the plot opposite, by early 2018 the Bio-Argo program is expanding rapidly.


== Float design and operation ==

The critical capability of an Argo float is its ability to rise and descend in the ocean on a programmed schedule. The floats do this by changing their effective density",argo_float,Wikipedia
0_9,Argo (oceanography),"The density of any object is given by its mass divided by its volume. The Argo float keeps its mass constant, but by altering its volume, it changes its density. To do this, mineral oil is forced out of the float's pressure case and expands a rubber bladder at the bottom end of the float",argo_float,Wikipedia
1_0,Ocean acidification,"Ocean acidification is the ongoing decrease in the pH of the Earth's ocean. Between 1950 and 2020, the average pH of the ocean surface fell from approximately 8.15 to 8.05. Carbon dioxide emissions from human activities are the primary cause of ocean acidification, with atmospheric carbon dioxide (CO2) levels exceeding 422 ppm (as of 2024)",ocean_acidification,Wikipedia
1_1,Ocean acidification,"CO2 from the atmosphere is absorbed by the oceans. This chemical reaction produces carbonic acid (H2CO3) which dissociates into a bicarbonate ion (HCO−3) and a hydrogen ion (H+). The presence of free hydrogen ions (H+) lowers the pH of the ocean, increasing acidity (this does not mean that seawater is acidic yet; it is still alkaline, with a pH higher than 8)",ocean_acidification,Wikipedia
1_2,Ocean acidification,"Marine calcifying organisms, such as mollusks and corals, are especially vulnerable because they rely on calcium carbonate to build shells and skeletons.
A change in pH by 0.1 represents a 26% increase in hydrogen ion concentration in the world's oceans (the pH scale is logarithmic, so a change of one in pH units is equivalent to a tenfold change in hydrogen ion concentration). Sea-surface pH and carbonate saturation states vary depending on ocean depth and location. Colder and higher latitude waters are capable of absorbing more CO2",ocean_acidification,Wikipedia
1_3,Ocean acidification,"This can cause acidity to rise, lowering the pH and carbonate saturation levels in these areas. There are several other factors that influence the atmosphere-ocean CO2 exchange, and thus local ocean acidification. These include ocean currents and upwelling zones, proximity to large continental rivers, sea ice coverage, and atmospheric exchange with nitrogen and sulfur from fossil fuel burning and agriculture.
A lower ocean pH has a range of potentially harmful effects for marine organisms",ocean_acidification,Wikipedia
1_4,Ocean acidification,"Scientists have observed for example reduced calcification, lowered immune responses, and reduced energy for basic functions such as reproduction. Ocean acidification can impact marine ecosystems that provide food and livelihoods for many people. About one billion people are wholly or partially dependent on the fishing, tourism, and coastal management services provided by coral reefs",ocean_acidification,Wikipedia
1_5,Ocean acidification,"Ongoing acidification of the oceans may therefore threaten food chains linked with the oceans.
One of the only solutions that would address the root cause of ocean acidification is reducing carbon dioxide emissions. This is one of the main objectives of climate change mitigation measures. The removal of carbon dioxide from the atmosphere would also help to reverse ocean acidification",ocean_acidification,Wikipedia
1_6,Ocean acidification,"In addition, there are some specific ocean-based mitigation methods, for example ocean alkalinity enhancement and enhanced weathering. These strategies are under investigation, but generally have a low technology readiness level and many risks.
Ocean acidification has happened before in Earth's geologic history. The resulting ecological collapse in the oceans had long-lasting effects on the global carbon cycle and climate.


== Cause ==

In 2021, atmospheric carbon dioxide (CO2) levels of around 415 ppm were around 50% higher than preindustrial concentrations",ocean_acidification,Wikipedia
1_7,Ocean acidification,"According to the National Oceanic and Atmospheric Administration in 2023, atmospheric CO2 levels have risen from approximately 280 parts per million (ppm) in the pre-industrial era to over 410 ppm today, primarily due to human activities such as fossil fuel combustion and deforestation. The current elevated levels and rapid growth rates are unprecedented in the past 55 million years of the geological record. The sources of this excess CO2 are clearly established as human driven: they include anthropogenic fossil fuel, industrial, and land-use/land-change emissions",ocean_acidification,Wikipedia
1_8,Ocean acidification,"One source of this is fossil fuels, which are burned for energy. When burned, CO2 is released into the atmosphere as a byproduct of combustion, which is a significant contributor to the increasing levels of CO2 in the Earth's atmosphere. The ocean acts as a carbon sink for anthropogenic CO2 and takes up roughly a quarter of total anthropogenic CO2 emissions",ocean_acidification,Wikipedia
1_9,Ocean acidification,"However, the additional CO2 in the ocean results in a wholesale shift in seawater acid-base chemistry toward more acidic, lower pH conditions and lower saturation states for carbonate minerals used in many marine organism shells and skeletons.
Accumulated since 1850, the ocean sink holds up to 175±35 gigatons of carbon, with more than two-thirds of this amount (120 Gt C) being taken up by the global ocean since 1960. Over the historical period, the ocean sink increased in pace with the exponential anthropogenic emissions increase. From 1850 until 2022, the ocean has absorbed 26% of total anthropogenic emissions",ocean_acidification,Wikipedia
2_0,Coral reef,"A coral reef is an underwater ecosystem characterized by reef-building corals. Reefs are formed of colonies of coral polyps held together by calcium carbonate. Most coral reefs are built from stony corals, whose polyps cluster in groups.
Coral belongs to the class Anthozoa in the animal phylum Cnidaria, which includes sea anemones and jellyfish",coral_reef,Wikipedia
2_1,Coral reef,"Unlike sea anemones, corals secrete hard carbonate exoskeletons that support and protect the coral. Most reefs grow best in warm, shallow, clear, sunny, and agitated water. Coral reefs first appeared 485 million years ago, at the dawn of the Early Ordovician, displacing the microbial and sponge reefs of the Cambrian.
Sometimes called rainforests of the sea, shallow coral reefs form some of Earth's most diverse ecosystems",coral_reef,Wikipedia
2_2,Coral reef,"They occupy less than 0.1% of the world's ocean area, about half the area of France. Yet, they provide a home for at least 25% of all marine species, including fish, mollusks, worms, crustaceans, echinoderms, sponges, tunicates and other cnidarians. Coral reefs flourish in ocean waters that provide few nutrients",coral_reef,Wikipedia
2_3,Coral reef,"They are most commonly found at shallow depths in tropical waters, but deep water and cold water coral reefs exist on smaller scales in other areas.
Shallow tropical coral reefs have declined by 50% since 1950, partly because they are sensitive to water conditions. They are under threat from excess nutrients (nitrogen and phosphorus), rising ocean heat content and acidification, overfishing (e.g., from blast fishing, cyanide fishing, spearfishing on scuba), sunscreen use, and harmful land-use practices, including runoff and seeps (e.g., from injection wells and cesspools).
Coral reefs deliver ecosystem services for tourism, fisheries, and shoreline protection. The annual global economic value of coral reefs has been estimated at anywhere from US$30–375 billion (1997 and 2003 estimates) to US$2.7 trillion (a 2020 estimate) to US$9.9 trillion (a 2014 estimate).


== Formation ==

Most coral reefs were formed after the Last Glacial Period when melting ice caused sea level to rise and flood continental shelves",coral_reef,Wikipedia
2_4,Coral reef,"Most coral reefs are less than 10,000 years old. As communities established themselves, the reefs grew upward, keeping pace with rising sea levels. Reefs that rose too slowly could become drowned, without sufficient light",coral_reef,Wikipedia
2_5,Coral reef,"Coral reefs are also found in the deep sea away from continental shelves, around oceanic islands and atolls. The majority of these islands are volcanic in origin. Others have tectonic origins where plate movements lifted the deep ocean floor.
In The Structure and Distribution of Coral Reefs, Charles Darwin set out his theory of the formation of atoll reefs, an idea he conceived during the voyage of the Beagle",coral_reef,Wikipedia
2_6,Coral reef,He theorized that uplift and subsidence of Earth's oceanic crust beneath the oceans formed the atolls. Darwin set out a sequence of three stages in atoll formation. A fringing reef forms around an extinct volcanic island as the island and ocean floor subside,coral_reef,Wikipedia
2_7,Coral reef,"As the subsidence continues, the fringing reef becomes a barrier reef and ultimately an atoll reef.

Darwin predicted that underneath each lagoon would be a bedrock base, the remains of the original volcano. Subsequent research supported this hypothesis. Darwin's theory followed from his understanding that coral polyps thrive in the tropics where the water is agitated, but can only live within a limited depth range, starting just below low tide",coral_reef,Wikipedia
2_8,Coral reef,"Where the underlying earth allows, corals grow along the coast to form fringing reefs, which can eventually become barrier reefs.

Where the bottom is rising, fringing reefs can grow around the coast, but coral raised above sea level dies. If the land subsides slowly, the fringing reefs keep pace by growing upward on a base of older, dead coral, forming a barrier reef that encloses a lagoon between the reef and the land. A barrier reef can encircle an island, and once the island sinks below sea level, a roughly circular atoll of growing coral continues to keep up with the sea level, forming a central lagoon",coral_reef,Wikipedia
2_9,Coral reef,"Barrier reefs and atolls do not usually form complete circles but are broken in places by storms. Like sea level rise, a rapidly subsiding bottom can overwhelm coral growth, killing the coral and the reef, due to what is called coral drowning. Corals that rely on zooxanthellae can die when the water becomes too deep for their symbionts to adequately photosynthesize, due to decreased light exposure.
The two main variables determining the geomorphology, or shape, of coral reefs are the nature of the substrate on which they rest, and the history of the change in sea level relative to that substrate.
The approximately 20,000-year-old Great Barrier Reef offers an example of how coral reefs formed on continental shelves",coral_reef,Wikipedia
3_0,Marine biology,"Marine biology is the scientific study of the biology of marine life, organisms that inhabit the sea. Given that in biology many phyla, families and genera have some species that live in the sea and others that live on land, marine biology classifies species based on the environment rather than on taxonomy.
A large proportion of all life on Earth lives in the ocean. The exact size of this ""large proportion"" is unknown, since many ocean species are still to be discovered",marine_biology,Wikipedia
3_1,Marine biology,"The ocean is a complex three-dimensional world, covering approximately 71% of the Earth's surface. The habitats studied in marine biology include everything from the tiny layers of surface water in which organisms and abiotic items may be trapped in surface tension between the ocean and atmosphere, to the depths of the oceanic trenches, sometimes 10,000 meters or more beneath the surface of the ocean.
Specific habitats include estuaries, coral reefs, kelp forests, seagrass meadows, the surrounds of seamounts and thermal vents, tidepools, muddy, sandy and rocky bottoms, and the open ocean (pelagic) zone, where solid objects are rare and the surface of the water is the only visible boundary. The organisms studied range from microscopic phytoplankton and zooplankton to huge cetaceans (whales) 25–32 meters (82–105 feet) in length",marine_biology,Wikipedia
3_2,Marine biology,"Marine ecology is the study of how marine organisms interact with each other and the environment.
Marine life is a vast resource, providing food, medicine, and raw materials, in addition to helping to support recreation and tourism all over the world. At a fundamental level, marine life helps determine the very nature of our planet. Marine organisms contribute significantly to the oxygen cycle, and are involved in the regulation of the Earth's climate",marine_biology,Wikipedia
3_3,Marine biology,"Shorelines are in part shaped and protected by marine life, and some marine organisms even help create new land.
Many species are economically important to humans, including both finfish and shellfish. It is also becoming understood that the well-being of marine organisms and other organisms are linked in fundamental ways. The human body of knowledge regarding the relationship between life in the sea and important cycles is rapidly growing, with new discoveries being made nearly every day",marine_biology,Wikipedia
3_4,Marine biology,"These cycles include those of matter (such as the carbon cycle) and of air (such as Earth's respiration, and movement of energy through ecosystems including the ocean). Large areas beneath the ocean surface still remain effectively unexplored.


== Biological oceanography ==

Marine biology can be contrasted with biological oceanography. Marine life is a field of study both in marine biology and in biological oceanography",marine_biology,Wikipedia
3_5,Marine biology,"Biological oceanography is the study of how organisms affect and are affected by the physics, chemistry, and geology of the oceanographic system. Biological oceanography mostly focuses on the microorganisms within the ocean; looking at how they are affected by their environment and how that affects larger marine creatures and their ecosystem.
Biological oceanography is similar to marine biology, but it studies ocean life from a different perspective. Biological oceanography takes a bottom up approach in terms of the food web, while marine biology studies the ocean from a top down perspective",marine_biology,Wikipedia
3_6,Marine biology,"Biological oceanography mainly focuses on the ecosystem of the ocean with an emphasis on plankton: their diversity (morphology, nutritional sources, motility, and metabolism); their productivity and how that plays a role in the global carbon cycle; and their distribution (predation and life cycle). Biological oceanography also investigates the role of microbes in food webs, and how humans impact the ecosystems in the oceans.


== Marine habitats ==

Marine habitats can be divided into coastal and open ocean habitats. Coastal habitats are found in the area that extends from the shoreline to the edge of the continental shelf",marine_biology,Wikipedia
3_7,Marine biology,"Most marine life is found in coastal habitats, even though the shelf area occupies only seven percent of the total ocean area. Open ocean habitats are found in the deep ocean beyond the edge of the continental shelf. Alternatively, marine habitats can be divided into pelagic and demersal habitats",marine_biology,Wikipedia
3_8,Marine biology,"Pelagic habitats are found near the surface or in the open water column, away from the bottom of the ocean and affected by ocean currents, while demersal habitats are near or on the bottom. Marine habitats can be modified by their inhabitants. Some marine organisms, like corals, kelp and sea grasses, are ecosystem engineers which reshape the marine environment to the point where they create further habitat for other organisms.


=== Intertidal and near shore ===

Intertidal zones, the areas that are close to the shore, are constantly being exposed and covered by the ocean's tides",marine_biology,Wikipedia
3_9,Marine biology,A huge array of life can be found within this zone. Shore habitats span from the upper intertidal zones to the area where land vegetation takes prominence. It can be underwater anywhere from daily to very infrequently,marine_biology,Wikipedia
4_0,Tsunami,"A tsunami ( (t)soo-NAH-mee, (t)suu-; from Japanese: 津波, lit. 'harbour wave', pronounced [tsɯnami]) is a series of waves in a water body caused by the displacement of a large volume of water, generally in an ocean or a large lake. Earthquakes, volcanic eruptions and underwater explosions (including detonations, landslides, glacier calvings, meteorite impacts and other disturbances) above or below water all have the potential to generate a tsunami. Unlike normal ocean waves, which are generated by wind, or tides, which are in turn generated by the gravitational pull of the Moon and the Sun, a tsunami is generated by the displacement of water from a large event.
Tsunami waves do not resemble normal undersea currents or sea waves because their wavelength is far longer",tsunami,Wikipedia
4_1,Tsunami,"Rather than appearing as a breaking wave, a tsunami may instead initially resemble a rapidly rising tide. For this reason, it is often referred to as a tidal wave, although this usage is not favoured by the scientific community because it might give the false impression of a causal relationship between tides and tsunamis. Tsunamis generally consist of a series of waves, with periods ranging from minutes to hours, arriving in a so-called ""wave train""",tsunami,Wikipedia
4_2,Tsunami,"Wave heights of tens of metres can be generated by large events. Although the impact of tsunamis is limited to coastal areas, their destructive power can be enormous, and they can affect entire ocean basins. The 2004 Indian Ocean tsunami was among the deadliest natural disasters in human history, with at least 230,000 people killed or missing in 14 countries bordering the Indian Ocean.
The Ancient Greek historian Thucydides suggested in his 5th century BC History of the Peloponnesian War that tsunamis were related to submarine earthquakes, but the understanding of tsunamis remained slim until the 20th century, and much remains unknown",tsunami,Wikipedia
4_3,Tsunami,"Major areas of current research include determining why some large earthquakes do not generate tsunamis while other smaller ones do. This ongoing research is designed to help accurately forecast the passage of tsunamis across oceans as well as how tsunami waves interact with shorelines.


== Terminology ==


=== Tsunami ===

The term ""tsunami"" is a borrowing from the Japanese tsunami (津波), meaning 'harbour wave'. For the plural, one can either follow ordinary English practice and add an s, or use an invariable plural as in the Japanese",tsunami,Wikipedia
4_4,Tsunami,"Some English speakers alter the word's initial /ts/ to an /s/ by dropping the ""t,"" since English does not natively permit /ts/ at the beginning of words, though the original Japanese pronunciation is /ts/. The term has become commonly accepted in English, although its literal Japanese meaning is not necessarily descriptive of the waves, which do not occur only in harbours.


=== Tidal wave ===

Tsunamis are sometimes referred to as tidal waves. This once-popular term derives from the most common appearance of a tsunami, which is that of an extraordinarily high tidal bore",tsunami,Wikipedia
4_5,Tsunami,"Tsunamis and tides both produce waves of water that move inland, but in the case of a tsunami, the inland movement of water may be much greater, giving the impression of an incredibly high and forceful tide. In recent years, the term ""tidal wave"" has fallen out of favour, especially in the scientific community, because the causes of tsunamis have nothing to do with those of tides, which are produced by the gravitational pull of the moon and sun rather than the displacement of water. Although the meanings of ""tidal"" include ""resembling"" or ""having the form or character of"" tides, use of the term tidal wave is discouraged by geologists and oceanographers.


=== Seismic sea wave ===
The term seismic sea wave is also used to refer to the phenomenon because the waves most often are generated by seismic activity such as earthquakes",tsunami,Wikipedia
4_6,Tsunami,"Prior to the rise of the use of the term tsunami in English, scientists generally encouraged the use of the term seismic sea wave rather than tidal wave. However, like tidal wave, seismic sea wave is not a completely accurate term, as forces other than earthquakes—including underwater landslides, volcanic eruptions, underwater explosions, land or ice slumping into the ocean, meteorite impacts, and the weather when the atmospheric pressure changes very rapidly—can generate such waves by displacing water.


=== Other terms ===
The use of the term tsunami for waves created by landslides entering bodies of water has become internationally widespread in both scientific and popular literature, although such waves are distinct in origin from large waves generated by earthquakes. This distinction sometimes leads to the use of other terms for landslide-generated waves, including landslide-triggered tsunami, displacement wave, non-seismic wave, impact wave, and, simply, giant wave.
A tsunami which cannot be linked to an earthquake is sometimes termed an ""orphan tsunami""",tsunami,Wikipedia
4_7,Tsunami,"This may happen in the case of tsunamis caused in the distant past, before international communications, by earthquakes far away, such as a tsunami in Japan caused by an earthquake in the Americas.


== History ==

Japan has the longest recorded history of tsunamis.
As early as 426 BC the Greek historian Thucydides inquired in his book History of the Peloponnesian War about the causes of tsunami, and was the first to argue that ocean earthquakes must be the cause. The oldest human record of a tsunami dates back to 479 BC, in the Greek colony of Potidaea, thought to be triggered by an earthquake. The tsunami may have saved the colony from an invasion by the Achaemenid Empire.

The cause, in my opinion, of this phenomenon must be sought in the earthquake",tsunami,Wikipedia
4_8,Tsunami,"At the point where its shock has been the most violent the sea is driven back, and suddenly recoiling with redoubled force, causes the inundation. Without an earthquake I do not see how such an accident could happen.
The Roman historian Ammianus Marcellinus (Res Gestae 26.10.15–19) described the typical sequence of a tsunami, including an incipient earthquake, the sudden retreat of the sea and a following gigantic wave, after the 365 AD tsunami devastated Alexandria.
Tsunamis are an often underestimated hazard in the Mediterranean Sea and parts of Europe. Of historical and current (with regard to risk assumptions) importance are the 1755 Lisbon earthquake and tsunami, the 1783 Calabrian earthquakes, each causing several tens of thousands of deaths and the 1908 Messina earthquake and tsunami",tsunami,Wikipedia
4_9,Tsunami,"The tsunami claimed more than 123,000 lives in Sicily and Calabria and is among the deadliest natural disasters in modern Europe. The Storegga Slide in the Norwegian Sea and some examples of tsunamis affecting the British Isles refer to landslide and meteotsunamis, predominantly and less to earthquake-induced waves.
The destruction caused by the 2004 Indian Ocean earthquake and tsunami event mark it as the most devastating of its kind in modern times, killing around 230,000 people. The Sumatran region is also accustomed to tsunamis, due to earthquakes of varying magnitudes that occur regularly off the coast of the island.


== Causes ==
The principal generation mechanism of a tsunami is the displacement of a substantial volume of water or perturbation of the sea",tsunami,Wikipedia
5_0,El Niño–Southern Oscillation,El Niño–Southern Oscillation (ENSO) is a global climate phenomenon that emerges from variation in winds and sea surface temperatures over the tropical Pacific Ocean. Those variations have an irregular pattern but do have some semblance of cycles. The occurrence of ENSO is not predictable,el_niño_southern_oscillation,Wikipedia
5_1,El Niño–Southern Oscillation,"It affects the climate of much of the tropics and subtropics, and has links (teleconnections) to higher-latitude regions of the world. The warming phase of the sea surface temperature is known as ""El Niño"" and the cooling phase as ""La Niña"". The Southern Oscillation is the accompanying atmospheric oscillation, which is coupled with the sea temperature change.
El Niño is associated with higher than normal air sea level pressure over Indonesia, Australia and across the Indian Ocean to the Atlantic",el_niño_southern_oscillation,Wikipedia
5_2,El Niño–Southern Oscillation,"La Niña has roughly the reverse pattern: high pressure over the central and eastern Pacific and lower pressure through much of the rest of the tropics and subtropics. The two phenomena last a year or so each and typically occur every two to seven years with varying intensity, with neutral periods of lower intensity interspersed. El Niño events can be more intense but La Niña events may repeat and last longer",el_niño_southern_oscillation,Wikipedia
5_3,El Niño–Southern Oscillation,"El Niño events, on average, reduced Panama Canal Water Times–contrary to belief.
A key mechanism of ENSO is the Bjerknes feedback (named after Jacob Bjerknes in 1969) in which the atmospheric changes alter the sea temperatures that in turn alter the atmospheric winds in a positive feedback. Weaker easterly trade winds result in a surge of warm surface waters to the east and reduced ocean upwelling on the equator. In turn, this leads to warmer sea surface temperatures (called El Niño), a weaker Walker circulation (an east-west overturning circulation in the atmosphere) and even weaker trade winds",el_niño_southern_oscillation,Wikipedia
5_4,El Niño–Southern Oscillation,"Ultimately the warm waters in the western tropical Pacific are depleted enough so that conditions return to normal. The exact mechanisms that cause the oscillation are unclear and are being studied.
Each country that monitors the ENSO has a different threshold for what constitutes an El Niño or La Niña event, which is tailored to their specific interests.
El Niño and La Niña affect the global climate and disrupt normal weather patterns, which as a result can lead to intense storms in some places and droughts in others. El Niño events cause short-term (approximately 1 year in length) spikes in global average surface temperature while La Niña events cause short term surface cooling",el_niño_southern_oscillation,Wikipedia
5_5,El Niño–Southern Oscillation,"Therefore, the relative frequency of El Niño compared to La Niña events can affect global temperature trends on timescales of around ten years. The countries most affected by ENSO are developing countries that are bordering the Pacific Ocean and are dependent on agriculture and fishing.
In climate change science, ENSO is known as one of the internal climate variability phenomena. Future trends in ENSO due to climate change are uncertain, although climate change exacerbates the effects of droughts and floods",el_niño_southern_oscillation,Wikipedia
5_6,El Niño–Southern Oscillation,"The IPCC Sixth Assessment Report summarized the scientific knowledge in 2021 for the future of ENSO as follows: ""In the long term, it is very likely that the precipitation variance related to El Niño–Southern Oscillation will increase"". The scientific consensus is also that ""it is very likely that rainfall variability related to changes in the strength and spatial extent of ENSO teleconnections will lead to significant changes at regional scale"".


== Definition and terminology ==

The El Niño–Southern Oscillation is a single climate phenomenon that periodically fluctuates between three phases: Neutral, La Niña or El Niño. La Niña and El Niño are opposite phases in the oscillation which are deemed to occur when specific ocean and atmospheric conditions are reached or exceeded.
An early recorded mention of the term ""El Niño"" (""The Boy"" in Spanish) to refer to climate occurred in 1892, when Captain Camilo Carrillo told the geographical society congress in Lima that Peruvian sailors named the warm south-flowing current ""El Niño"" because it was most noticeable around Christmas.
The capitalized term El Niño refers to the Christ Child, Jesus, because periodic warming in the Pacific near South America is usually noticed around Christmas.
Originally, the term El Niño applied to an annual weak warm ocean current that ran southwards along the coast of Peru and Ecuador at about Christmas time",el_niño_southern_oscillation,Wikipedia
5_7,El Niño–Southern Oscillation,"Over time the term has evolved and now refers to the warm and negative phase of the El Niño–Southern Oscillation (ENSO). The original phrase, El Niño de Navidad, arose centuries ago, when Peruvian fishermen named the weather phenomenon after the newborn Christ.
La Niña (""The Girl"" in Spanish) is the colder counterpart of El Niño, as part of the broader ENSO climate pattern. In the past, it was also called an anti-El Niño and El Viejo, meaning ""the old man"".
A negative phase exists when atmospheric pressure over Indonesia and the west Pacific is abnormally high and pressure over the east Pacific is abnormally low, during El Niño episodes, and a positive phase is when the opposite occurs during La Niña episodes, and pressure over Indonesia is low and high over the east Pacific.


== Fundamentals ==

On average, the temperature of the ocean surface in the tropical East Pacific is roughly 8–10 °C (14–18 °F) cooler than in the tropical West Pacific",el_niño_southern_oscillation,Wikipedia
5_8,El Niño–Southern Oscillation,"The sea surface temperature (SST) of the West Pacific northeast of Australia averages around 28–30 °C (82–86 °F). SSTs in the East Pacific off the western coast of South America are closer to 20 °C (68 °F). 
Strong trade winds near the equator drive water away from the East Pacific and into the West Pacific",el_niño_southern_oscillation,Wikipedia
5_9,El Niño–Southern Oscillation,"This water is slowly warmed by the Sun as it moves west along the equator, the wind stress acting on the ocean surface being balanced by a sea surface slope, one result of which is that the sea levels near Indonesia is typically around 0.5 m (1.5 ft) higher than that near Peru.
The warm surface waters collect in the western Pacific, with the result that the thermocline, the transitional zone between the warmer waters near the ocean surface and the cooler waters of the deep ocean, lies much deeper in the western Pacific, where it has an average depth of around 140 m (450 ft) compared to around 30 m (90 ft) in the East Pacific..  At depth, the sloping surface thermocline helps reduce the east-west pressure difference due to the sea level slope, but below the thermocline the pressure difference is still enough to drive the eastward flowing cold equatorial undercurrent.  
Such cooler deep ocean water takes the place of the outgoing surface waters in the East Pacific, rising to the ocean surface in a process called upwelling",el_niño_southern_oscillation,Wikipedia
6_0,Deep-sea fish,"Deep-sea fish are fish that live in the darkness below the sunlit surface waters, that is below the epipelagic or photic zone of the sea. The lanternfish is, by far, the most common deep-sea fish. Other deep-sea fishes include the flashlight fish, cookiecutter shark, bristlemouths, anglerfish, viperfish, and some species of eelpout.
Only about 2% of known marine species inhabit the pelagic environment",deep_sea_fish,Wikipedia
6_1,Deep-sea fish,"This means that they live in the water column as opposed to the benthic organisms that live in or on the sea floor. Deep-sea organisms generally inhabit bathypelagic (1–4 km; 0.62–2.49 mi deep) and abyssopelagic (4–6 km; 2.5–3.7 mi deep) zones. However, characteristics of deep-sea organisms, such as bioluminescence can be seen in the mesopelagic (200–1,000 m; 660–3,280 ft deep) zone as well",deep_sea_fish,Wikipedia
6_2,Deep-sea fish,"The mesopelagic zone is the disphotic zone, meaning light there is minimal but still measurable. The oxygen minimum layer exists somewhere between a depth of 700 and 1,000 metres (2,300 and 3,300 ft) depending on the place in the ocean. This area is also where nutrients are most abundant",deep_sea_fish,Wikipedia
6_3,Deep-sea fish,"The bathypelagic and abyssopelagic zones are aphotic, meaning that no light penetrates this area of the ocean. These zones make up about 75% of the inhabitable ocean space.
The epipelagic zone (0–200 metres or 0–650 ft deep) is the area where light penetrates the water and photosynthesis occurs. This is also known as the photic zone",deep_sea_fish,Wikipedia
6_4,Deep-sea fish,"Because this typically extends only a few hundred meters below the water, the deep sea, about 90% of the ocean volume, is in darkness. The deep sea is also an extremely hostile environment, with temperatures that rarely exceed 3 °C (37 °F) and fall as low as −1.8 °C (29 °F) (with the exception of hydrothermal vent ecosystems that can exceed 350 °C, or 662 °F), low oxygen levels, and pressures between 20 and 1000 atm (2-100 MPa, 300–14,500 psi).


== Evolution ==
It has been speculated that deep-sea ecosystems may have been inhospitable to vertebrate life prior to an increased influx of nutrients into the ocean during the Late Jurassic and Early Cretaceous following the rise of angiosperms on land, which led to an increase in abyssal invertebrate life, allowing fish to in turn colonize these ecosystems. However, some modern deep-sea fish, such as holocephalians, are descendants of much older lineages, indicating that much earlier colonizations of the deep-sea by vertebrates may have occurred, although no fossil evidence of this is known.
The earliest known records of deep-sea fish are trace fossils of feeding and swimming behavior attributed to unidentified neoteleosts (referable to the ichnogenera Piscichnus and Undichna), from the Early Cretaceous (130 million-year-old) Palombini Shale of Italy, which is thought to have been deposited in the abyssal plain of the former Piemont-Liguria Ocean",deep_sea_fish,Wikipedia
6_5,Deep-sea fish,"Prior to the discovery of these fossils, there was no evidence for deep-sea bony fish older than 50 million years in the Paleogene. The Cretaceous origin for most modern deep-sea fish has been further affirmed with phylogenetic studies such as those of aulopiform fish, which indicate that many deep-sea lineages of these groups originated around this time.
Although the records from the Palombini Shale represent the earliest records of deep-sea bony fish, formations that preserve deepwater shark fossils are also known from later in the Cretaceous. These include the Northumberland Formation of Canada and similarly aged deposits in Angola, both of which preserve fossils of taxa such as hexanchids, chlamydoselachids, and catsharks, which are known from deepwater habitats today but rare in other formations of the time",deep_sea_fish,Wikipedia
6_6,Deep-sea fish,"Paleogene formations with fossil deep-sea shark teeth are known from New Zealand for the middle Paleocene, and formations in Denmark, France, Austria, and Morocco during the Eocene. The Paratethys Sea still supported deepwater sharks and rays into the Miocene, which are preserved in formations in Hungary.
During the Paleogene, some prominent formations that preserve well-articulated specimens of deep-sea bony fish are known. These include the Monte Solane lagerstatte of early Eocene Italy, which preserves a bathypelagic habitat likely deposited 300–600 meters (980–1,970 ft) under the sea, as well as the late Eocene Pabdeh Formation of Iran",deep_sea_fish,Wikipedia
6_7,Deep-sea fish,"The deep-sea environments preserved by both formations are apparent through their abundance of fossil stomiiform fish. Notable Neogene formations that preserve fossils of deep-sea bony fish are known from the Miocene of Italy, Japan, and California.


== Environment ==

In the deep ocean, the waters extend far below the epipelagic zone, and support very different types of pelagic fishes adapted to living in these deeper zones. In deep water, marine snow is a continuous shower of mostly organic detritus falling from the upper layers of the water column",deep_sea_fish,Wikipedia
6_8,Deep-sea fish,"Its origin lies in activities within the productive photic zone. Marine snow includes dead or dying plankton, protists (diatoms), fecal matter, sand, soot and other inorganic dust. The ""snowflakes"" grow over time and may reach several centimetres in diameter, travelling for weeks before reaching the ocean floor",deep_sea_fish,Wikipedia
6_9,Deep-sea fish,"However, most organic components of marine snow are consumed by microbes, zooplankton and other filter-feeding animals within the first 1,000 metres (3,300 ft) of their journey, that is, within the epipelagic zone. In this way, marine snow may be considered the foundation of deep-sea mesopelagic and benthic ecosystems: as sunlight cannot reach them, deep-sea organisms rely heavily on marine snow as an energy source. Since there is no light in the deep sea (aphotic), there is a lack of primary producers",deep_sea_fish,Wikipedia
7_0,Ocean current,"An ocean current is a continuous, directed movement of seawater generated by a number of forces acting upon the water, including wind, the Coriolis effect, breaking waves, cabbeling, and temperature and salinity differences. Depth contours, shoreline configurations, and interactions with other currents influence a current's direction and strength. Ocean currents move both horizontally, on scales that can span entire oceans, as well as vertically, with vertical currents (upwelling and downwelling) playing an important role in the movement of nutrients and gases, such as carbon dioxide, between the surface and the deep ocean",ocean_current,Wikipedia
7_1,Ocean current,"Ocean currents are classified by temperature as either warm currents or cold currents. They are also classified by their velocity, dimension, and direction as either drifts, currents, or streams. Drifts, such as the North Atlantic Drift Current, involve the forward movement of surface ocean water under the influence of the prevailing wind",ocean_current,Wikipedia
7_2,Ocean current,"Currents, such as the Labrador Current, 
involve the movement of oceanic water in a more definite direction at a greater velocity than drifts. Streams, such as the Gulf Stream, involve movement of larger masses of ocean water with greater velocity than drifts or currents.
Ocean currents are patterns of water movement that influence climate zones and weather patterns around the world. They are primarily driven by winds and by seawater density, although many other factors influence them, including the shape and configuration of the oceanic basin they flow through",ocean_current,Wikipedia
7_3,Ocean current,"The two basic types of currents – surface and deep-water currents – help define the character and flow of ocean waters across the planet.
Ocean currents flow for great distances, and together they create the global conveyor belt, which plays a dominant role in determining the climate of many of Earth's regions. More specifically, ocean currents influence the temperature of the regions through which they travel. For example, warm currents traveling along more temperate coasts increase the temperature of the area by warming the sea breezes that blow over them",ocean_current,Wikipedia
7_4,Ocean current,"Perhaps the most striking example is the Gulf Stream, which, together with its extension the North Atlantic Drift, makes northwest Europe much more temperate for its high latitude than other areas at the same latitude. Another example is Lima, Peru, whose cooler subtropical climate contrasts with that of its surrounding tropical latitudes because of the Humboldt Current.
The largest ocean current is the Antarctic Circumpolar Current (ACC), a wind-driven current which flows clockwise uninterrupted around Antarctica. The ACC connects all the oceanic basins together, and also provides a link between the atmosphere and the deep ocean due to the way water upwells and downwells on either side of it.


== Causes ==

Ocean currents are driven by the wind, by the gravitational pull of the Moon in the form of tides, and by the effects of variations in water density",ocean_current,Wikipedia
7_5,Ocean current,"Ocean dynamics define and describe the motion of water within the oceans.
Ocean temperature and motion fields can be separated into three distinct layers: mixed (surface) layer, upper ocean (above the thermocline), and deep ocean. Ocean currents are measured in units of sverdrup (Sv), where 1 Sv is equivalent to a volume flow rate of 1,000,000 m3 (35,000,000 ft3) per second.
There are two main types of currents, surface currents and deep-water currents. Generally surface currents are driven by wind systems and deep-water currents are driven by differences in water density due to variations in water temperature and salinity.


=== Wind-driven circulation ===
Surface oceanic currents are driven by wind currents, the large scale prevailing winds drive major persistent ocean currents, and seasonal or occasional winds drive currents of similar persistence to the winds that drive them, and the Coriolis effect plays a major role in their development",ocean_current,Wikipedia
7_6,Ocean current,"The Ekman spiral velocity distribution results in the currents flowing at an angle to the driving winds, and they develop typical clockwise spirals in the Northern Hemisphere and counter-clockwise rotation in the Southern Hemisphere.
In addition, the areas of surface ocean currents move somewhat with the seasons; this is most notable in equatorial currents.
Deep ocean basins generally have a non-symmetric surface current, in that the eastern equator-ward flowing branch is broad and diffuse whereas the pole-ward flowing western boundary current is relatively narrow.


=== Thermohaline circulation ===

Large scale currents are driven by gradients in water density, which in turn depend on variations in temperature and salinity. This thermohaline circulation is also known as the ocean's conveyor belt. Where significant vertical movement of ocean currents is observed, this is known as upwelling and downwelling",ocean_current,Wikipedia
7_7,Ocean current,"The adjective thermohaline derives from thermo- referring to temperature and -haline referring to salt content, factors which together determine the density of seawater.
The thermohaline circulation is a part of the large-scale ocean circulation that is driven by global density gradients created by surface heat and freshwater fluxes. Wind-driven surface currents (such as the Gulf Stream) travel polewards from the equatorial Atlantic Ocean, cooling en route, and eventually sinking at high latitudes (forming North Atlantic Deep Water). This dense water then flows into the ocean basins",ocean_current,Wikipedia
7_8,Ocean current,"While the bulk of it upwells in the Southern Ocean, the oldest waters (with a transit time of around 1000 years) upwell in the North Pacific. Extensive mixing therefore takes place between the ocean basins, reducing differences between them and making the Earth's oceans a global system. On their journey, the water masses transport both energy (in the form of heat) and matter (solids, dissolved substances and gases) around the globe",ocean_current,Wikipedia
7_9,Ocean current,"As such, the state of the circulation has a large impact on the climate of the Earth. The thermohaline circulation is sometimes called the ocean conveyor belt, the great ocean conveyor, or the global conveyor belt. On occasion, it is imprecisely used to refer to the meridional overturning circulation, (MOC).
Since the 2000s an international program called Argo has been mapping the temperature and salinity structure of the ocean with a fleet of automated platforms that float with the ocean currents",ocean_current,Wikipedia
8_0,Sea level rise,"The sea level has been rising since the end of the Last Glacial Maximum, which was around 20,000 years ago. Between 1901 and 2018, the average sea level rose by 15–25 cm (6–10 in), with an increase of 2.3 mm (0.091 in) per year since the 1970s. This was faster than the sea level had ever risen over at least the past 3,000 years",sea_level_rise,Wikipedia
8_1,Sea level rise,"The rate accelerated to 4.62 mm (0.182 in)/yr for the decade 2013–2022. Climate change due to human activities is the main cause of this persistent acceleration. Between 1993 and 2018, melting ice sheets and glaciers accounted for 44% of sea level rise, with another 42% resulting from thermal expansion of water.
Sea level rise lags behind changes in the Earth's temperature by decades, and sea level rise will therefore continue to accelerate between now and 2050 in response to warming that has already happened",sea_level_rise,Wikipedia
8_2,Sea level rise,"What happens after that depends on future human greenhouse gas emissions. If there are very deep cuts in emissions, sea level rise would slow between 2050 and 2100. The reported factors of increase in flood hazard potential are often exceedingly large, ranging from 10 to 1000 for even modest sea-level rise scenarios of 0.5 m or less",sea_level_rise,Wikipedia
8_3,Sea level rise,"It could then rise by between 30 cm (1 ft) and 1.0 m (3+1⁄3 ft) between the early 2020s and 2100, or by approximately 60 cm (2 ft) to 130 cm (4+1⁄2 ft) from the 19th century to 2100. With high emissions it would instead accelerate further, and could rise by 50 cm (1.6 ft) or even by 1.9 m (6.2 ft) by 2100. In the long run, sea level rise would amount to 2–3 m (7–10 ft) over the next 2000 years if warming stays to its current 1.5 °C (2.7 °F) over the pre-industrial past",sea_level_rise,Wikipedia
8_4,Sea level rise,"It would be 19–22 metres (62–72 ft) if warming peaks at 5 °C (9.0 °F).
Rising seas affect every coastal population on Earth. This can be through flooding, higher storm surges, king tides, and increased vulnerability to tsunamis. There are many knock-on effects",sea_level_rise,Wikipedia
8_5,Sea level rise,They lead to loss of coastal ecosystems such as mangrove swamps. There may be a reduction in crop yields because of increasing salt levels in irrigation water. Damage to ports disrupts sea trade,sea_level_rise,Wikipedia
8_6,Sea level rise,"The sea level rise projected by 2050 will expose places currently inhabited by tens of millions of people to annual flooding. Without a sharp reduction in greenhouse gas emissions, this may increase to hundreds of millions in the latter decades of the century. 
Local factors such as tidal range or land subsidence will greatly affect the severity of impacts",sea_level_rise,Wikipedia
8_7,Sea level rise,"For instance, sea level rise in the United States is likely to be two to three times greater than the global average by the end of the century. Yet, of the twenty countries with the greatest exposure to sea level rise, twelve are in Asia, including Indonesia, Bangladesh and the Philippines. The resilience and adaptive capacity of ecosystems and countries also varies, which will result in more or less pronounced impacts",sea_level_rise,Wikipedia
8_8,Sea level rise,"The greatest impact on human populations in the near term will occur in low-lying Caribbean and Pacific islands including atolls. Sea level rise will make many of them uninhabitable later this century. 
Societies can adapt to sea level rise in multiple ways",sea_level_rise,Wikipedia
8_9,Sea level rise,"Managed retreat, accommodating coastal change, or protecting against sea level rise through hard-construction practices such as seawalls are hard approaches. There are also soft approaches such as dune rehabilitation and beach nourishment. Sometimes these adaptation strategies go hand in hand",sea_level_rise,Wikipedia
9_0,Marine pollution,"Marine pollution occurs when substances used or spread by humans, such as industrial, agricultural, and residential waste; particles; noise; excess carbon dioxide; or invasive organisms enter the ocean and cause harmful effects there. The majority of this waste (80%) comes from land-based activity, although marine transportation significantly contributes as well. It is a combination of chemicals and trash, most of which comes from land sources and is washed or blown into the ocean",marine_pollution,Wikipedia
9_1,Marine pollution,"This pollution results in damage to the environment, to the health of all organisms, and to economic structures worldwide. Since most inputs come from land, via rivers, sewage, or the atmosphere, it means that continental shelves are more vulnerable to pollution. Air pollution is also a contributing factor, as it carries iron, carbonic acid, nitrogen, silicon, sulfur, pesticides, and dust particles into the ocean",marine_pollution,Wikipedia
9_2,Marine pollution,"The pollution often comes from nonpoint sources such as agricultural runoff, wind-blown debris, and dust. These nonpoint sources are largely due to runoff that enters the ocean through rivers, but wind-blown debris and dust can also play a role, as these pollutants can settle into waterways and oceans. Pathways of pollution include direct discharge, land runoff, ship pollution, bilge pollution, dredging (which can create dredge plumes), atmospheric pollution and, potentially, deep sea mining.
Different types of marine pollution can be grouped as pollution from marine debris, plastic pollution, including microplastics, ocean acidification, nutrient pollution, toxins, and underwater noise",marine_pollution,Wikipedia
9_3,Marine pollution,"Plastic pollution in the ocean is a type of marine pollution by plastics, ranging in size from large original material such as bottles and bags, down to microplastics formed from the fragmentation of plastic materials. Marine debris is mainly discarded human rubbish which floats on, or is suspended in the ocean. Plastic pollution is harmful to marine life.
Another concern is the runoff of nutrients (nitrogen and phosphorus) from intensive agriculture, and the disposal of untreated or partially treated sewage to rivers and subsequently oceans",marine_pollution,Wikipedia
9_4,Marine pollution,"These nitrogen and phosphorus nutrients (which are also contained in fertilizers) stimulate phytoplankton and macroalgal growth, which can lead to harmful algal blooms (eutrophication) which can be harmful to humans as well as marine creatures. Excessive algal growth can also smother sensitive coral reefs and lead to loss of biodiversity and coral health. A second major concern is that the degradation of algal blooms can lead to consumption of oxygen in coastal waters, a situation that may worsen with climate change as warming reduces vertical mixing of the water column.
Many potentially toxic chemicals adhere to tiny particles which are then taken up by plankton and benthic animals, most of which are either deposit feeders or filter feeders",marine_pollution,Wikipedia
9_5,Marine pollution,"In this way, the toxins are concentrated upward within ocean food chains. When pesticides are incorporated into the marine ecosystem, they quickly become absorbed into marine food webs. Once in the food webs, these pesticides can cause mutations, as well as diseases, which can be harmful to humans as well as the entire food web",marine_pollution,Wikipedia
9_6,Marine pollution,"Toxic metals can also be introduced into marine food webs. These can cause a change to tissue matter, biochemistry, behavior, reproduction, and suppress growth in marine life. Also, many animal feeds have a high fish meal or fish hydrolysate content",marine_pollution,Wikipedia
9_7,Marine pollution,"In this way, marine toxins can be transferred to land animals, and appear later in meat and dairy products.


== Pathways of pollution ==

There are many ways to categorize and examine the inputs of pollution into marine ecosystems. There are three main types of inputs of pollution into the ocean: direct discharge of waste into the oceans, runoff into the waters due to rain, and pollutants released from the atmosphere.
One common path of entry by contaminants to the sea are rivers. The evaporation of water from oceans exceeds precipitation",marine_pollution,Wikipedia
9_8,Marine pollution,"The balance is restored by rain over the continents entering rivers and then being returned to the sea. The Hudson River in New York State and the Raritan River in New Jersey, which empty at the northern and southern ends of Staten Island, are a source of mercury contamination of zooplankton (copepods) in the open ocean. The highest concentration in the filter-feeding copepods is not at the mouths of these rivers but 70 miles (110 km) south, nearer Atlantic City, because water flows close to the coast",marine_pollution,Wikipedia
9_9,Marine pollution,"It takes a few days before toxins are taken up by the plankton. Ohio River and Tennessee River both join Mississippi River ultimately drains organic contaminants from several northern states into the Gulf of Mexico.
Pollution is often classed as point source or nonpoint source pollution. Point source pollution occurs when there is a single, identifiable, localized source of the pollution",marine_pollution,Wikipedia
10_0,Whale,"Whales are a widely distributed and diverse group of fully aquatic placental marine mammals. As an informal and colloquial grouping, they correspond to large members of the infraorder Cetacea, i.e. all cetaceans apart from dolphins and porpoises",whale,Wikipedia
10_1,Whale,"Dolphins and porpoises may be considered whales from a formal, cladistic perspective. Whales, dolphins and porpoises belong to the order Cetartiodactyla, which consists of even-toed ungulates. Their closest non-cetacean living relatives are the hippopotamuses, from which they and other cetaceans diverged about 54 million years ago",whale,Wikipedia
10_2,Whale,"The two parvorders of whales, baleen whales (Mysticeti) and toothed whales (Odontoceti), are thought to have had their last common ancestor around 34 million years ago. Mysticetes include four extant (living) families: Balaenopteridae (the rorquals), Balaenidae (right whales), Cetotheriidae (the pygmy right whale), and Eschrichtiidae (the grey whale). Odontocetes include the Monodontidae (belugas and narwhals), Physeteridae (the sperm whale), Kogiidae (the dwarf and pygmy sperm whale), and Ziphiidae (the beaked whales), as well as the six families of dolphins and porpoises which are not considered whales in the informal sense.
Whales are fully aquatic, open-ocean animals: they can feed, mate, give birth, suckle and raise their young at sea",whale,Wikipedia
10_3,Whale,"Whales range in size from the 2.6 metres (8.5 ft) and 135 kilograms (298 lb) dwarf sperm whale to the 29.9 metres (98 ft) and 190 tonnes (210 short tons) blue whale, which is the largest known animal that has ever lived. The sperm whale is the largest toothed predator on Earth. Several whale species exhibit sexual dimorphism, in that the females are larger than males.
Baleen whales have no teeth; instead, they have plates of baleen, fringe-like structures that enable them to expel the huge mouthfuls of water they take in while retaining the krill and plankton they feed on",whale,Wikipedia
10_4,Whale,"Because their heads are enormous—making up as much as 40% of their total body mass—and they have throat pleats that enable them to expand their mouths, they are able to take huge quantities of water into their mouth at a time. Baleen whales also have a well-developed sense of smell.
Toothed whales, in contrast, have conical teeth adapted to catching fish or squid. They also have such keen hearing—whether above or below the surface of the water—that some can survive even if they are blind",whale,Wikipedia
10_5,Whale,"Some species, such as sperm whales, are particularly well adapted for diving to great depths to catch squid and other favoured prey.
Whales evolved from land-living mammals, and must regularly surface to breathe air, although they can remain underwater for long periods of time. Some species, such as the sperm whale, can stay underwater for up to 90 minutes. They have blowholes (modified nostrils) located on top of their heads, through which air is taken in and expelled",whale,Wikipedia
10_6,Whale,"They are warm-blooded, and have a layer of fat, or blubber, under the skin. With streamlined fusiform bodies and two limbs that are modified into flippers, whales can travel at speeds of up to 20 knots, though they are not as flexible or agile as seals. Whales produce a great variety of vocalizations, notably the extended songs of the humpback whale",whale,Wikipedia
10_7,Whale,"Although whales are widespread, most species prefer the colder waters of the Northern and Southern Hemispheres and migrate to the equator to give birth. Species such as humpbacks and blue whales are capable of travelling thousands of miles without feeding. Males typically mate with multiple females every year, but females only mate every two to three years",whale,Wikipedia
10_8,Whale,"Calves are typically born in the spring and summer; females bear all the responsibility for raising them. Mothers in some species fast and nurse their young for one to two years.
Once relentlessly hunted for their products, whales are now protected by international law. The North Atlantic right whales nearly became extinct in the twentieth century, with a population low of 450, and the North Pacific grey whale population is ranked Critically Endangered by the IUCN",whale,Wikipedia
10_9,Whale,"Besides the threat from whalers, they also face threats from bycatch and marine pollution. The meat, blubber and baleen of whales have traditionally been used by indigenous peoples of the Arctic. Whales have been depicted in various cultures worldwide, notably by the Inuit and the coastal peoples of Vietnam",whale,Wikipedia
11_0,Phytoplankton,"Phytoplankton () are the autotrophic (self-feeding) components of the plankton community and a key part of ocean and freshwater ecosystems. The name comes from Ancient Greek φυτόν (phutón), meaning ""plant"", and πλαγκτός (planktós), meaning ""drifter, wanderer, roamer"", and thus, ""plant drifter"".
Phytoplankton obtain their energy through photosynthesis, as trees and other plants do on land. This means phytoplankton must have light from the sun, so they live in the well-lit surface layers (euphotic zone) of oceans and lakes",phytoplankton,Wikipedia
11_1,Phytoplankton,"In comparison with terrestrial plants, phytoplankton are distributed over a larger surface area, are exposed to less seasonal variation, and have markedly faster turnover rates than trees (days versus decades). As a result, phytoplankton respond rapidly on a global scale to climate variations.
Phytoplankton form the base of marine and freshwater food webs and are key players in the global carbon cycle. They account for about half of global photosynthetic activity and at least half of the oxygen production, despite amounting to only about 1% of the global plant biomass.
Phytoplankton are very diverse, comprising photosynthesizing bacteria (cyanobacteria) and various unicellular protist groups (notably the diatoms).
Most phytoplankton are too small to be individually seen with the unaided eye",phytoplankton,Wikipedia
11_2,Phytoplankton,"However, when present in high enough numbers, some varieties may be noticeable as colored patches on the water surface due to the presence of chlorophyll within their cells and accessory pigments (such as phycobiliproteins or xanthophylls) in some species.


== Types ==
Phytoplankton are photosynthesizing microscopic protists and bacteria that inhabit the upper sunlit layer of marine and freshwater bodies of water on Earth. Paralleling plants on land, phytoplankton undertake primary production in water, creating organic compounds from carbon dioxide dissolved in the water. Phytoplankton form the base of — and sustain — the aquatic food web, and are crucial players in the Earth's carbon cycle.

Phytoplankton are very diverse, comprising photosynthesizing bacteria (cyanobacteria) and various unicellular protist groups (notably the diatoms)",phytoplankton,Wikipedia
11_3,Phytoplankton,"Many other organism groups formerly named as phytoplankton, including coccolithophores and dinoflagellates, are now no longer included as they are not only phototrophic but can also eat other organisms. These organisms are now more correctly termed mixoplankton. This recognition has important consequences for how the functioning of the planktonic food web is viewed.


== Ecology ==

Phytoplankton obtain energy through the process of photosynthesis and must therefore live in the well-lit surface layer (termed the euphotic zone) of an ocean, sea, lake, or other body of water",phytoplankton,Wikipedia
11_4,Phytoplankton,"Phytoplankton account for about half of all photosynthetic activity on Earth. Their cumulative energy fixation in carbon compounds (primary production) is the basis for the vast majority of oceanic and also many freshwater food webs (chemosynthesis is a notable exception).
While almost all phytoplankton species are obligate photoautotrophs, some are mixotrophic and other, non-pigmented species that are actually heterotrophic (the latter are often viewed as zooplankton). Of these, the best known are dinoflagellate genera such as Noctiluca and Dinophysis, that obtain organic carbon by ingesting other organisms or detrital material.
Phytoplankton live in the photic zone of the ocean, where photosynthesis is possible",phytoplankton,Wikipedia
11_5,Phytoplankton,"During photosynthesis, they assimilate carbon dioxide and release oxygen. If solar radiation is too high, phytoplankton may fall victim to photodegradation. Phytoplankton species feature a large variety of photosynthetic pigments, which enable them to absorb different wavelengths of the variable underwater light",phytoplankton,Wikipedia
11_6,Phytoplankton,This implies different species can use the wavelength of light differently efficiently. The light is not a single ecological resource but a multitude of resources depending on its spectral composition. By that it was found that changes in the spectrum of light alone can alter natural phytoplankton communities even if the same intensity is available,phytoplankton,Wikipedia
11_7,Phytoplankton,"For growth, phytoplankton cells additionally depend on nutrients, which enter the ocean by rivers, continental weathering, and glacial ice meltwater on the poles. Phytoplankton release dissolved organic carbon (DOC) into the sea. Since phytoplankton are the basis of marine food webs, they serve as prey for zooplankton, fish larvae, and other heterotrophic organisms",phytoplankton,Wikipedia
11_8,Phytoplankton,"They can also be degraded by bacteria or by viral lysis. Although some phytoplankton cells, such as dinoflagellates, can migrate vertically, they are still incapable of actively moving against currents, so they slowly sink and ultimately fertilize the seafloor with dead cells and detritus.

Phytoplankton are crucially dependent on several nutrients. These are primarily macronutrients such as nitrate, phosphate, or silicic acid, which are required in relatively large quantities for growth",phytoplankton,Wikipedia
11_9,Phytoplankton,"Their availability in the surface ocean is governed by the balance between the so-called biological pump and upwelling of deep, nutrient-rich waters. The stoichiometric nutrient composition of phytoplankton drives — and is driven by — the Redfield ratio of macronutrients generally available throughout the surface oceans. Phytoplankton also rely on trace metals such as iron (Fe), manganese (Mn), zinc (Zn), cobalt (Co), cadmium (Cd), and copper (Cu) as essential micronutrients, influencing their growth and community composition",phytoplankton,Wikipedia
12_0,Hydrothermal vent,"Hydrothermal vents are fissures on the seabed from which geothermally heated water discharges. They are commonly found near volcanically active places, areas where tectonic plates are moving apart at mid-ocean ridges, ocean basins, and hotspots. The dispersal of hydrothermal fluids throughout the global ocean at active vent sites creates hydrothermal plumes",hydrothermal_vent,Wikipedia
12_1,Hydrothermal vent,"Hydrothermal deposits are rocks and mineral ore deposits formed by the action of hydrothermal vents.
Hydrothermal vents exist because the Earth is both geologically active and has large amounts of water on its surface and within its crust. Under the sea, they may form features called black smokers or white smokers, which deliver a wide range of elements to the world's oceans, thus contributing to global marine biogeochemistry. Relative to the majority of the deep sea, the areas around hydrothermal vents are biologically more productive, often hosting complex communities fueled by the chemicals dissolved in the vent fluids",hydrothermal_vent,Wikipedia
12_2,Hydrothermal vent,"Chemosynthetic bacteria and archaea found around hydrothermal vents form the base of the food chain, supporting diverse organisms including giant tube worms, clams, limpets, and shrimp. Active hydrothermal vents are thought to exist on Jupiter's moon Europa and Saturn's moon Enceladus, and it is speculated that ancient hydrothermal vents once existed on Mars.
Hydrothermal vents have been hypothesized to have been a significant factor to starting abiogenesis and the survival of primitive life. The conditions of these vents have been shown to support the synthesis of molecules important to life",hydrothermal_vent,Wikipedia
12_3,Hydrothermal vent,"Some evidence suggests that certain vents such as alkaline hydrothermal vents or those containing supercritical CO2 are more conducive to the formation of these organic molecules. However, the origin of life is a widely debated topic, and there are many conflicting viewpoints.


== Physical properties ==

Hydrothermal vents in the deep ocean typically form along the mid-ocean ridges, such as the East Pacific Rise and the Mid-Atlantic Ridge. These are locations where two tectonic plates are diverging and new crust is being formed.
The water that issues from seafloor hydrothermal vents consists mostly of seawater drawn into the hydrothermal system close to the volcanic edifice through faults and porous sediments or volcanic strata, plus some magmatic water released by the upwelling magma",hydrothermal_vent,Wikipedia
12_4,Hydrothermal vent,"On land, the majority of water circulated within fumarole and geyser systems is meteoric water and ground water that has percolated down into the hydrothermal system from the surface, but also commonly contains some portion of metamorphic water, magmatic water, and sedimentary formational brine released by the magma. The proportion of each varies from location to location.
In contrast to the approximately 2 °C (36 °F) ambient water temperature at these depths, water emerges from these vents at temperatures ranging from 60 °C (140 °F) up to as high as 464 °C (867 °F). Due to the high hydrostatic pressure at these depths, water may exist in either its liquid form or as a supercritical fluid at such temperatures",hydrothermal_vent,Wikipedia
12_5,Hydrothermal vent,"The critical point of (pure) water is 375 °C (707 °F) at a pressure of 218 atmospheres.

However, introducing salinity into the fluid raises the critical point to higher temperatures and pressures. The critical point of seawater (3.2 wt. % NaCl) is 407 °C (765 °F) and 298.5 bars, corresponding to a depth of ~2,960 m (9,710 ft) below sea level",hydrothermal_vent,Wikipedia
12_6,Hydrothermal vent,"Accordingly, if a hydrothermal fluid with a salinity of 3.2 wt. % NaCl vents above 407 °C (765 °F) and 298.5 bars, it is supercritical. Furthermore, the salinity of vent fluids have been shown to vary widely due to phase separation in the crust",hydrothermal_vent,Wikipedia
12_7,Hydrothermal vent,"The critical point for lower salinity fluids is at lower temperature and pressure conditions than that for seawater, but higher than that for pure water. For example, a vent fluid with a 2.24 wt. % NaCl salinity has the critical point at 400 °C (752 °F) and 280.5 bars",hydrothermal_vent,Wikipedia
12_8,Hydrothermal vent,"Thus, water emerging from the hottest parts of some hydrothermal vents can be a supercritical fluid, possessing physical properties between those of a gas and those of a liquid.Examples of supercritical venting are found at several sites. Sister Peak (Comfortless Cove Hydrothermal Field, 4°48′S 12°22′W, depth 2,996 m or 9,829 ft) vents low salinity phase-separated, vapor-type fluids. Sustained venting was not found to be supercritical but a brief injection of 464 °C (867 °F) was well above supercritical conditions",hydrothermal_vent,Wikipedia
12_9,Hydrothermal vent,"A nearby site, Turtle Pits, was found to vent low salinity fluid at 407 °C (765 °F), which is above the critical point of the fluid at that salinity. A vent site in the Cayman Trough named Beebe, which is the world's deepest known hydrothermal site at ~5,000 m (16,000 ft) below sea level, has shown sustained supercritical venting at 401 °C (754 °F) and 2.3 wt% NaCl.
Although supercritical conditions have been observed at several sites, it is not yet known what significance, if any, supercritical venting has in terms of hydrothermal circulation, mineral deposit formation, geochemical fluxes or biological activity.
The initial stages of a vent chimney begin with the deposition of the mineral anhydrite. Sulfides of copper, iron, and zinc then precipitate in the chimney gaps, making it less porous over the course of time",hydrothermal_vent,Wikipedia
13_0,Ocean thermal energy conversion,"Ocean thermal energy conversion (OTEC) is a renewable energy technology that harnesses the temperature difference between the warm surface waters of the ocean and the cold depths to run a heat engine to produce electricity. It is a unique form of clean energy generation that has the potential to provide a consistent and sustainable source of power. Although it has challenges to overcome, OTEC has the potential to provide a consistent and sustainable source of clean energy, particularly in tropical regions with access to deep ocean water.


== Description ==
OTEC uses the ocean thermal gradient between cooler deep and warmer shallow or surface seawaters to run a heat engine and produce useful work, usually in the form of electricity",ocean_thermal_energy,Wikipedia
13_1,Ocean thermal energy conversion,"OTEC can operate with a very high capacity factor and so can operate in base load mode.
The denser cold water masses, formed by ocean surface water interaction with cold atmosphere in quite specific areas of the North Atlantic and the Southern Ocean, sink into the deep sea basins and spread in entire deep ocean by the thermohaline circulation. Upwelling of cold water from the deep ocean is replenished by the downwelling of cold surface sea water.
Among ocean energy sources, OTEC is one of the continuously available renewable energy resources that could contribute to base-load power supply. The resource potential for OTEC is considered to be much larger than for other ocean energy forms",ocean_thermal_energy,Wikipedia
13_2,Ocean thermal energy conversion,"Up to 10,000 TWh/yr of power could be generated from OTEC without affecting the ocean's thermal structure.
Systems may be either closed-cycle or open-cycle. Closed-cycle OTEC uses working fluids that are typically thought of as refrigerants such as ammonia or R-134a. These fluids have low boiling points, and are therefore suitable for powering the system's generator to generate electricity",ocean_thermal_energy,Wikipedia
13_3,Ocean thermal energy conversion,"The most commonly used heat cycle for OTEC to date is the Rankine cycle, using a low-pressure turbine. Open-cycle engines use vapor from the seawater itself as the working fluid.
OTEC can also supply quantities of cold water as a by-product. This can be used for air conditioning and refrigeration and the nutrient-rich deep ocean water can feed biological technologies",ocean_thermal_energy,Wikipedia
13_4,Ocean thermal energy conversion,"Another by-product is fresh water distilled from the sea.
OTEC theory was first developed in the 1880s and the first bench size demonstration model was constructed in 1926. Currently operating pilot-scale OTEC plants are located in Japan, overseen by Saga University, and in Hawaii operated by Makai Ocean Engineering.


== History ==

Attempts to develop and refine OTEC technology started in the 1880s. In 1881, Jacques Arsene d'Arsonval, a French physicist, proposed tapping the thermal energy of the ocean",ocean_thermal_energy,Wikipedia
13_5,Ocean thermal energy conversion,"D'Arsonval's student, Georges Claude, built the first OTEC plant, in Matanzas, Cuba in 1930. The system generated 22 kW of electricity with a low-pressure turbine. The plant was later destroyed in a storm.
In 1935, Claude constructed a plant aboard a 10,000-ton cargo vessel moored off the coast of Brazil",ocean_thermal_energy,Wikipedia
13_6,Ocean thermal energy conversion,"Weather and waves destroyed it before it could generate net power. (Net power is the amount of power generated after subtracting power needed to run the system).
In 1956, French scientists designed a 3 MW plant for Abidjan, Ivory Coast. The plant was never completed, because new finds of large amounts of cheap petroleum made it uneconomical.
In 1962, J",ocean_thermal_energy,Wikipedia
13_7,Ocean thermal energy conversion,"Hilbert Anderson and James H. Anderson, Jr. focused on increasing component efficiency",ocean_thermal_energy,Wikipedia
13_8,Ocean thermal energy conversion,"They patented their new ""closed cycle"" design in 1967. This design improved upon the original closed-cycle Rankine system, and included this in an outline for a plant that would produce power at lower cost than oil or coal. At the time, however, their research garnered little attention since coal and nuclear were considered the future of energy.
Japan is a major contributor to the development of OTEC technology",ocean_thermal_energy,Wikipedia
13_9,Ocean thermal energy conversion,"Beginning in 1970 the Tokyo Electric Power Company successfully built and deployed a 100 kW closed-cycle OTEC plant on the island of Nauru.  The plant became operational on 14 October 1981, producing about 120 kW of electricity; 90 kW was used to power the plant and the remaining electricity was used to power a school and other places. This set a world record for power output from an OTEC system where the power was sent to a real (as opposed to an experimental) power grid.
1981 also saw a major development in OTEC technology when Russian engineer, Dr",ocean_thermal_energy,Wikipedia
14_0,Seawater,"Seawater, or sea water, is water from a sea or ocean. On average, seawater in the world's oceans has a salinity of about 3.5% (35 g/L, 35 ppt, 600 mM). This means that every kilogram (roughly one liter by volume) of seawater has approximately 35 grams (1.2 oz) of dissolved salts (predominantly sodium (Na+) and chloride (Cl−) ions)",seawater,Wikipedia
14_1,Seawater,The average density at the surface is 1.025 kg/L. Seawater is denser than both fresh water and pure water (density 1.0 kg/L at 4 °C (39 °F)) because the dissolved salts increase the mass by a larger proportion than the volume. The freezing point of seawater decreases as salt concentration increases,seawater,Wikipedia
14_2,Seawater,"At typical salinity, it freezes at about −2 °C (28 °F). The coldest seawater still in the liquid state ever recorded was found in 2010, in a stream under an Antarctic glacier: the measured temperature was −2.6 °C (27.3 °F). 
Seawater pH is typically limited to a range between 7.5 and 8.4",seawater,Wikipedia
14_3,Seawater,"However, there is no universally accepted reference pH-scale for seawater and the difference between measurements based on different reference scales may be up to 0.14 units.


== Properties ==


=== Salinity ===

Although the vast majority of seawater has a salinity of between 31 and 38 g/kg, that is 3.1–3.8%, seawater is not uniformly saline throughout the world. Where mixing occurs with freshwater runoff from river mouths, near melting glaciers or vast amounts of precipitation (e.g. monsoon), seawater can be substantially less saline",seawater,Wikipedia
14_4,Seawater,"The most saline open sea is the Red Sea, where high rates of evaporation, low precipitation and low river run-off, and confined circulation result in unusually salty water. The salinity in isolated bodies of water can be considerably greater still –  about ten times higher in the case of the Dead Sea. Historically, several salinity scales were used to approximate the absolute salinity of seawater",seawater,Wikipedia
14_5,Seawater,"A popular scale was the ""Practical Salinity Scale"" where salinity was measured in ""practical salinity units (PSU)"". The current standard for salinity is the ""Reference Salinity"" scale  with the salinity expressed in units of ""g/kg"".


=== Density ===
The density of surface seawater ranges from about 1020 to 1029 kg/m3, depending on the temperature and salinity. At a temperature of 25 °C, the salinity of 35 g/kg and 1 atm pressure, the density of seawater is 1023.6 kg/m3",seawater,Wikipedia
14_6,Seawater,"Deep in the ocean, under high pressure, seawater can reach a density of 1050 kg/m3 or higher. The density of seawater also changes with salinity. Brines generated by seawater desalination plants can have salinities up to 120 g/kg",seawater,Wikipedia
14_7,Seawater,"The density of typical seawater brine of 120 g/kg salinity at 25 °C and atmospheric pressure is 1088 kg/m3.


=== pH value ===

The pH value at the surface of oceans in pre-industrial time (before 1850) was around 8.2. Since then, it has been decreasing due to a human-caused process called ocean acidification that is related to carbon dioxide emissions: Between 1950 and 2020, the average pH of the ocean surface fell from approximately 8.15 to 8.05.
The pH value of seawater is naturally as low as 7.8 in deep ocean waters as a result of the degradation of organic matter in these waters. It can be as high as 8.4 in surface waters in areas of high biological productivity",seawater,Wikipedia
14_8,Seawater,"Measurement of pH is complicated by the chemical properties of seawater, and several distinct pH scales exist in chemical oceanography. There is no universally accepted reference pH-scale for seawater and the difference between measurements based on different reference scales may be up to 0.14 units. 


=== Chemical composition ===

Seawater contains more dissolved ions than all types of freshwater",seawater,Wikipedia
14_9,Seawater,"However, the ratios of solutes differ dramatically. For instance, although seawater contains about 2.8 times more bicarbonate than river water, the percentage of bicarbonate in seawater as a ratio of all dissolved ions is far lower than in river water. Bicarbonate ions constitute 48% of river water solutes but only 0.14% for seawater",seawater,Wikipedia
